[
  {"model": "concesionario.dealer", "pk": 1, "fields": {"name": "Concesionario A", "slug": "concesionario-a", "bio": "Bio A"}},
  {"model": "concesionario.dealer", "pk": 2, "fields": {"name": "Concesionario B", "slug": "concesionario-b", "bio": "Bio B"}},
  {"model": "concesionario.tag", "pk": 1, "fields": {"name": "SUV", "slug": "suv"}},
  {"model": "concesionario.tag", "pk": 2, "fields": {"name": "Eléctrico", "slug": "electrico"}},
  {"model": "concesionario.car", "pk": 1, "fields": {"title": "Coche 1", "slug": "coche-1", "description": "Desc 1", "price": "20000.00", "dealer": 1, "tags": [1], "created_at": "2025-05-01T10:00:00Z"}},
  {"model": "concesionario.car", "pk": 2, "fields": {"title": "Coche 2", "slug": "coche-2", "description": "Desc 2", "price": "30000.00", "dealer": 2, "tags": [2], "created_at": "2025-05-02T11:00:00Z"}}
]